{
"lengthUnit": "mil",
"remark": [],
"components": {
	"fields": ["COMPONENT_NO", "COMPONENT_NAME", "LAYER", "X_COORDINATE", "Y_COORDINATE", "ANGLE"],
	"rows": [
		[1, "B1", "B", 795, -555, 180],
		[2, "BUZZER1", "T", 1255, 95, 180],
		[3, "Next", "T", 850, -925, 180],
		[4, "OLED1", "T", 480, 230, 0],
		[5, "Prev", "T", 110, -925, 180],
		[6, "R1", "T", 1587.531, 30, 90],
		[7, "R2", "T", 1707.531, 30, 90],
		[8, "R3", "T", 852.278, 110, 0],
		[9, "R4", "T", 852.278, 41.441, 180],
		[10, "Sel", "T", 485, -925, 180],
		[11, "U2", "T", 1400, -595, 180],
		[12, "U3", "B", 1525, -850, 0],
		[13, "PAD1", "B", 243.819, -455, 0],
		[14, "PAD2", "B", 243.819, -555, 0],
		[15, "PAD3", "B", 243.819, -655, 0],
		[16, "PAD4", "B", 243.819, -755, 0],
		[17, "PAD5", "B", 243.819, -855, 0],
		[18, "PAD6", "B", 243.819, -955, 0],
		[19, "PAD7", "B", 1346.179, -955, 0],
		[20, "PAD8", "B", 1346.179, -854.61, 0],
		[21, "PAD9", "B", 1346.179, -754.61, 0],
		[22, "PAD10", "T", 228.11, -998.819, 0],
		[23, "PAD11", "T", 228.11, -851.181, 0],
		[24, "PAD12", "T", 603.11, -998.819, 0],
		[25, "PAD13", "T", 603.11, -851.181, 0],
		[26, "PAD14", "T", 968.11, -998.819, 0],
		[27, "PAD15", "T", 968.11, -851.181, 0],
		[28, "PAD16", "T", 1587.531, 59.66, 0],
		[29, "PAD17", "T", 1587.531, 0.34, 0],
		[30, "PAD18", "T", 1707.531, 59.66, 0],
		[31, "PAD19", "T", 1707.531, 0.34, 0],
		[32, "PAD20", "T", 881.938, 110, 0],
		[33, "PAD21", "T", 822.618, 110, 0],
		[34, "PAD22", "T", 822.618, 41.441, 0],
		[35, "PAD23", "T", 881.938, 41.441, 0],
		[36, "PAD24", "T", 1715, -845, 0],
		[37, "PAD25", "T", 1715, -745, 0],
		[38, "PAD26", "T", 1715, -645, 0],
		[39, "PAD27", "T", 1715, -545, 0],
		[40, "PAD28", "T", 1715, -445, 0],
		[41, "PAD29", "T", 1715, -345, 0],
		[42, "PAD30", "T", 1085, -445, 0],
		[43, "PAD31", "T", 1085, -545, 0],
		[44, "PAD32", "T", 1085, -645, 0],
		[45, "PAD33", "T", 1085, -745, 0],
		[46, "PAD34", "T", 1085, -845, 0],
		[47, "PAD35", "T", 1085, -945, 0],
		[48, "PAD36", "T", 1712.3207, -244.7646, 0],
		[49, "PAD37", "T", 1087.1256, -247.6386, 0],
		[50, "PAD38", "B", 1494.98, -850, 0],
		[51, "PAD39", "B", 1555.02, -791.93, 0],
		[52, "PAD40", "B", 1555.02, -908.07, 0],
		[53, "PAD41", "T", 330, 230, 0],
		[54, "PAD41", "B", 330, 230, 0],
		[55, "PAD42", "T", 430, 230, 0],
		[56, "PAD42", "B", 430, 230, 0],
		[57, "PAD43", "T", 530, 230, 0],
		[58, "PAD43", "B", 530, 230, 0],
		[59, "PAD44", "T", 630, 230, 0],
		[60, "PAD44", "B", 630, 230, 0],
		[61, "PAD45", "T", 1077.816, 95, 0],
		[62, "PAD46", "T", 1432.176, 95, 0]
	]
},
"pins": {
	"fields": ["PIN_NO", "PIN_NAME", "PIN_X", "PIN_Y", "LAYER", "PIN_TYPE", "NET_NAME", "NET_TYPE", "PAD_SHAPE", "PAD_SIZEX", "PAD_SIZEY", "HOLE_SIZE", "HOLE_LEN", "PAD_ANGLE"],
	"rows": [
		[1, "B1_1", 243.819, -155, "B", "SMD", "NET_1", "", "R", 118.11, 62.992, 0, 0, 180],
		[2, "B1_2", 243.819, -255, "B", "SMD", "NET_2", "", "R", 118.11, 62.992, 0, 0, 180],
		[3, "B1_3", 243.819, -355, "B", "SMD", "NET_3", "", "R", 118.11, 62.992, 0, 0, 180],
		[4, "B1_4", 243.819, -455, "B", "SMD", "$1N1180", "", "R", 118.11, 62.992, 0, 0, 180],
		[5, "B1_5", 243.819, -555, "B", "SMD", "$1N46327", "", "R", 118.11, 62.992, 0, 0, 180],
		[6, "B1_6", 243.819, -655, "B", "SMD", "GND", "GND", "R", 118.11, 62.992, 0, 0, 180],
		[7, "B1_7", 243.819, -755, "B", "SMD", "$1N1141", "", "R", 118.11, 62.992, 0, 0, 180],
		[8, "B1_8", 243.819, -855, "B", "SMD", "$1N1127", "", "R", 118.11, 62.992, 0, 0, 180],
		[9, "B1_9", 243.819, -955, "B", "SMD", "$1N1120", "", "R", 118.11, 62.992, 0, 0, 180],
		[10, "B1_10", 1346.179, -955, "B", "SMD", "$1N46166", "", "R", 118.11, 62.992, 0, 0, 180],
		[11, "B1_11", 1346.179, -854.61, "B", "SMD", "$1N1114", "", "R", 118.11, 62.992, 0, 0, 180],
		[12, "B1_12", 1346.179, -754.61, "B", "SMD", "$1N46675", "", "R", 118.11, 62.992, 0, 0, 180],
		[13, "BUZZER1_1", 1077.816, 95, "T", "SMD", "$1N1187", "", "R", 98.425, 70.866, 0, 0, 180],
		[14, "BUZZER1_2", 1432.176, 95, "T", "SMD", "GND", "GND", "R", 98.425, 70.866, 0, 0, 180],
		[15, "Next_1", 968.11, -998.819, "T", "SMD", "$1N46327", "", "R", 39.37, 29.528, 0, 0, 180],
		[16, "Next_2", 731.89, -998.819, "T", "SMD", "NET_4", "", "R", 39.37, 29.528, 0, 0, 180],
		[17, "Next_3", 968.11, -851.181, "T", "SMD", "$1N1006", "", "R", 39.37, 29.528, 0, 0, 180],
		[18, "Next_4", 731.89, -851.181, "T", "SMD", "NET_5", "", "R", 39.37, 29.528, 0, 0, 180],
		[19, "OLED1_1", 330, 230, "T", "DIP", "$1N37538", "", "R", 62.992, 62.992, 43.308, 43.308, 0],
		[20, "OLED1_1", 330, 230, "B", "DIP", "$1N37538", "", "R", 62.992, 62.992, 43.308, 43.308, 0],
		[21, "OLED1_2", 430, 230, "T", "DIP", "$1N37474", "", "C", 62.992, 62.992, 43.308, 43.308, 0],
		[22, "OLED1_2", 430, 230, "B", "DIP", "$1N37474", "", "C", 62.992, 62.992, 43.308, 43.308, 0],
		[23, "OLED1_3", 530, 230, "T", "DIP", "$1N1073", "", "C", 62.992, 62.992, 43.308, 43.308, 0],
		[24, "OLED1_3", 530, 230, "B", "DIP", "$1N1073", "", "C", 62.992, 62.992, 43.308, 43.308, 0],
		[25, "OLED1_4", 630, 230, "T", "DIP", "$1N1081", "", "C", 62.992, 62.992, 43.308, 43.308, 0],
		[26, "OLED1_4", 630, 230, "B", "DIP", "$1N1081", "", "C", 62.992, 62.992, 43.308, 43.308, 0],
		[27, "Prev_1", 228.11, -998.819, "T", "SMD", "$1N46327", "", "R", 39.37, 29.528, 0, 0, 180],
		[28, "Prev_2", -8.11, -998.819, "T", "SMD", "NET_6", "", "R", 39.37, 29.528, 0, 0, 180],
		[29, "Prev_3", 228.11, -851.181, "T", "SMD", "$1N976", "", "R", 39.37, 29.528, 0, 0, 180],
		[30, "Prev_4", -8.11, -851.181, "T", "SMD", "NET_7", "", "R", 39.37, 29.528, 0, 0, 180],
		[31, "R1_1", 1587.531, 0.34, "T", "SMD", "GND", "GND", "R", 31.751, 34.016, 0, 0, 90],
		[32, "R1_2", 1587.531, 59.66, "T", "SMD", "$1N14884", "", "R", 31.751, 34.016, 0, 0, 90],
		[33, "R2_1", 1707.531, 0.34, "T", "SMD", "$1N14884", "", "R", 31.751, 34.016, 0, 0, 90],
		[34, "R2_2", 1707.531, 59.66, "T", "SMD", "$1N46332", "", "R", 31.751, 34.016, 0, 0, 90],
		[35, "R3_1", 822.618, 110, "T", "SMD", "$1N37474", "", "R", 31.751, 34.016, 0, 0, 0],
		[36, "R3_2", 881.938, 110, "T", "SMD", "$1N46327", "", "R", 31.751, 34.016, 0, 0, 0],
		[37, "R4_1", 881.938, 41.441, "T", "SMD", "$1N37538", "", "R", 31.751, 34.016, 0, 0, 180],
		[38, "R4_2", 822.618, 41.441, "T", "SMD", "GND", "GND", "R", 31.751, 34.016, 0, 0, 180],
		[39, "Sel_1", 603.11, -998.819, "T", "SMD", "$1N46327", "", "R", 39.37, 29.528, 0, 0, 180],
		[40, "Sel_2", 366.89, -998.819, "T", "SMD", "NET_8", "", "R", 39.37, 29.528, 0, 0, 180],
		[41, "Sel_3", 603.11, -851.181, "T", "SMD", "$1N999", "", "R", 39.37, 29.528, 0, 0, 180],
		[42, "Sel_4", 366.89, -851.181, "T", "SMD", "NET_9", "", "R", 39.37, 29.528, 0, 0, 180],
		[43, "U2_1", 1715, -945, "T", "SMD", "NET_10", "", "R", 82.76, 70.94, 0, 0, 180],
		[44, "U2_2", 1715, -845, "T", "SMD", "$1N1120", "", "R", 82.76, 70.94, 0, 0, 180],
		[45, "U2_3", 1715, -745, "T", "SMD", "$1N1127", "", "R", 82.76, 70.94, 0, 0, 180],
		[46, "U2_4", 1715, -645, "T", "SMD", "$1N1081", "", "R", 82.76, 70.944, 0, 0, 180],
		[47, "U2_5", 1715, -545, "T", "SMD", "$1N1073", "", "R", 82.76, 70.944, 0, 0, 180],
		[48, "U2_6", 1715, -445, "T", "SMD", "$1N1006", "", "R", 82.76, 70.944, 0, 0, 180],
		[49, "U2_7", 1715, -345, "T", "SMD", "$1N999", "", "R", 82.76, 70.944, 0, 0, 180],
		[50, "U2_8", 1712.3207, -244.7646, "T", "SMD", "$1N976", "", "R", 82.76, 70.944, 0, 0, 180],
		[51, "U2_9", 1087.1256, -247.6386, "T", "SMD", "$1N14884", "", "R", 82.76, 70.944, 0, 0, 180],
		[52, "U2_10", 1085, -345, "T", "SMD", "NET_11", "", "R", 82.76, 70.944, 0, 0, 180],
		[53, "U2_11", 1085, -445, "T", "SMD", "$1N1187", "", "R", 82.76, 70.944, 0, 0, 180],
		[54, "U2_12", 1085, -545, "T", "SMD", "$1N1180", "", "R", 82.76, 70.944, 0, 0, 180],
		[55, "U2_13", 1085, -645, "T", "SMD", "$1N1141", "", "R", 82.76, 70.944, 0, 0, 180],
		[56, "U2_14", 1085, -745, "T", "SMD", "$1N46327", "", "R", 82.76, 70.94, 0, 0, 180],
		[57, "U2_15", 1085, -845, "T", "SMD", "GND", "GND", "R", 82.76, 70.94, 0, 0, 180],
		[58, "U2_16", 1085, -945, "T", "SMD", "$1N46332", "", "R", 82.76, 70.94, 0, 0, 180],
		[59, "U3_1", 1494.98, -850, "B", "SMD", "$1N1114", "", "R", 41.339, 39.37, 0, 0, 180],
		[60, "U3_2", 1555.02, -791.93, "B", "SMD", "$1N46675", "", "R", 86.614, 41.339, 0, 0, 180],
		[61, "U3_3", 1555.02, -908.07, "B", "SMD", "$1N46166", "", "R", 86.614, 41.339, 0, 0, 180],
		[62, "PAD1_4", 243.819, -455, "B", "SMD", "$1N1180", "", "R", 118.11, 62.992, 0, 0, 180],
		[63, "PAD2_5", 243.819, -555, "B", "SMD", "$1N46327", "", "R", 118.11, 62.992, 0, 0, 180],
		[64, "PAD3_6", 243.819, -655, "B", "SMD", "GND", "GND", "R", 118.11, 62.992, 0, 0, 180],
		[65, "PAD4_7", 243.819, -755, "B", "SMD", "$1N1141", "", "R", 118.11, 62.992, 0, 0, 180],
		[66, "PAD5_8", 243.819, -855, "B", "SMD", "$1N1127", "", "R", 118.11, 62.992, 0, 0, 180],
		[67, "PAD6_9", 243.819, -955, "B", "SMD", "$1N1120", "", "R", 118.11, 62.992, 0, 0, 180],
		[68, "PAD7_10", 1346.179, -955, "B", "SMD", "$1N46166", "", "R", 118.11, 62.992, 0, 0, 180],
		[69, "PAD8_11", 1346.179, -854.61, "B", "SMD", "$1N1114", "", "R", 118.11, 62.992, 0, 0, 180],
		[70, "PAD9_12", 1346.179, -754.61, "B", "SMD", "$1N46675", "", "R", 118.11, 62.992, 0, 0, 180],
		[71, "PAD10_1", 228.11, -998.819, "T", "SMD", "$1N46327", "", "R", 39.37, 29.528, 0, 0, 180],
		[72, "PAD11_3", 228.11, -851.181, "T", "SMD", "$1N976", "", "R", 39.37, 29.528, 0, 0, 180],
		[73, "PAD12_1", 603.11, -998.819, "T", "SMD", "$1N46327", "", "R", 39.37, 29.528, 0, 0, 180],
		[74, "PAD13_3", 603.11, -851.181, "T", "SMD", "$1N999", "", "R", 39.37, 29.528, 0, 0, 180],
		[75, "PAD14_1", 968.11, -998.819, "T", "SMD", "$1N46327", "", "R", 39.37, 29.528, 0, 0, 180],
		[76, "PAD15_3", 968.11, -851.181, "T", "SMD", "$1N1006", "", "R", 39.37, 29.528, 0, 0, 180],
		[77, "PAD16_2", 1587.531, 59.66, "T", "SMD", "$1N14884", "", "R", 31.751, 34.016, 0, 0, 90],
		[78, "PAD17_1", 1587.531, 0.34, "T", "SMD", "GND", "GND", "R", 31.751, 34.016, 0, 0, 90],
		[79, "PAD18_2", 1707.531, 59.66, "T", "SMD", "$1N46332", "", "R", 31.751, 34.016, 0, 0, 90],
		[80, "PAD19_1", 1707.531, 0.34, "T", "SMD", "$1N14884", "", "R", 31.751, 34.016, 0, 0, 90],
		[81, "PAD20_2", 881.938, 110, "T", "SMD", "$1N46327", "", "R", 31.751, 34.016, 0, 0, 0],
		[82, "PAD21_1", 822.618, 110, "T", "SMD", "$1N37474", "", "R", 31.751, 34.016, 0, 0, 0],
		[83, "PAD22_2", 822.618, 41.441, "T", "SMD", "GND", "GND", "R", 31.751, 34.016, 0, 0, 180],
		[84, "PAD23_1", 881.938, 41.441, "T", "SMD", "$1N37538", "", "R", 31.751, 34.016, 0, 0, 180],
		[85, "PAD24_2", 1715, -845, "T", "SMD", "$1N1120", "", "R", 82.76, 70.94, 0, 0, 180],
		[86, "PAD25_3", 1715, -745, "T", "SMD", "$1N1127", "", "R", 82.76, 70.94, 0, 0, 180],
		[87, "PAD26_4", 1715, -645, "T", "SMD", "$1N1081", "", "R", 82.76, 70.944, 0, 0, 180],
		[88, "PAD27_5", 1715, -545, "T", "SMD", "$1N1073", "", "R", 82.76, 70.944, 0, 0, 180],
		[89, "PAD28_6", 1715, -445, "T", "SMD", "$1N1006", "", "R", 82.76, 70.944, 0, 0, 180],
		[90, "PAD29_7", 1715, -345, "T", "SMD", "$1N999", "", "R", 82.76, 70.944, 0, 0, 180],
		[91, "PAD30_11", 1085, -445, "T", "SMD", "$1N1187", "", "R", 82.76, 70.944, 0, 0, 180],
		[92, "PAD31_12", 1085, -545, "T", "SMD", "$1N1180", "", "R", 82.76, 70.944, 0, 0, 180],
		[93, "PAD32_13", 1085, -645, "T", "SMD", "$1N1141", "", "R", 82.76, 70.944, 0, 0, 180],
		[94, "PAD33_14", 1085, -745, "T", "SMD", "$1N46327", "", "R", 82.76, 70.94, 0, 0, 180],
		[95, "PAD34_15", 1085, -845, "T", "SMD", "GND", "GND", "R", 82.76, 70.94, 0, 0, 180],
		[96, "PAD35_16", 1085, -945, "T", "SMD", "$1N46332", "", "R", 82.76, 70.94, 0, 0, 180],
		[97, "PAD36_8", 1712.3207, -244.7646, "T", "SMD", "$1N976", "", "R", 82.76, 70.944, 0, 0, 180],
		[98, "PAD37_9", 1087.1256, -247.6386, "T", "SMD", "$1N14884", "", "R", 82.76, 70.944, 0, 0, 180],
		[99, "PAD38_1", 1494.98, -850, "B", "SMD", "$1N1114", "", "R", 41.339, 39.37, 0, 0, 180],
		[100, "PAD39_2", 1555.02, -791.93, "B", "SMD", "$1N46675", "", "R", 86.614, 41.339, 0, 0, 180],
		[101, "PAD40_3", 1555.02, -908.07, "B", "SMD", "$1N46166", "", "R", 86.614, 41.339, 0, 0, 180],
		[102, "PAD41_1", 330, 230, "T", "DIP", "$1N37538", "", "R", 62.992, 62.992, 43.308, 43.308, 0],
		[103, "PAD41_1", 330, 230, "B", "DIP", "$1N37538", "", "R", 62.992, 62.992, 43.308, 43.308, 0],
		[104, "PAD42_2", 430, 230, "T", "DIP", "$1N37474", "", "C", 62.992, 62.992, 43.308, 43.308, 0],
		[105, "PAD42_2", 430, 230, "B", "DIP", "$1N37474", "", "C", 62.992, 62.992, 43.308, 43.308, 0],
		[106, "PAD43_3", 530, 230, "T", "DIP", "$1N1073", "", "C", 62.992, 62.992, 43.308, 43.308, 0],
		[107, "PAD43_3", 530, 230, "B", "DIP", "$1N1073", "", "C", 62.992, 62.992, 43.308, 43.308, 0],
		[108, "PAD44_4", 630, 230, "T", "DIP", "$1N1081", "", "C", 62.992, 62.992, 43.308, 43.308, 0],
		[109, "PAD44_4", 630, 230, "B", "DIP", "$1N1081", "", "C", 62.992, 62.992, 43.308, 43.308, 0],
		[110, "PAD45_1", 1077.816, 95, "T", "SMD", "$1N1187", "", "R", 98.425, 70.866, 0, 0, 180],
		[111, "PAD46_2", 1432.176, 95, "T", "SMD", "GND", "GND", "R", 98.425, 70.866, 0, 0, 180]
	]
}
}